Признак,Линейная регрессия (OLS),Ridge (L2-регуляризация),Lasso (L1-регуляризация)
Преступность,-1.0021353343041515,-0.9723724170730378,-0.9993591166780079
Крупные участки,0.6962686220758507,0.6413810211226637,0.6913000187452262
Доля промзон,0.2780648451067024,0.20214842109810266,0.268935789804703
Река Чарльз,0.7187384049735652,0.7297005418205877,0.7188799163504015
Оксиды азота,-2.0223193971459876,-1.9263227324821641,-2.016029448918307
Число комнат,3.145239563791378,3.1633242369911434,3.1458676669830696
Старый жилфонд,-0.17604788350520634,-0.17941459208692073,-0.17377772465813393
Удалённость,-3.081907599924513,-2.9689166929206805,-3.074913168161854
Индекс шоссе,2.251406655828988,2.0218393858124606,2.23334727194253
Налог,-1.7670137777053492,-1.5594960357350693,-1.7489993782323068
Ученики/учитель,-2.037751512131361,-2.0074752451617455,-2.035900482084853
Индекс B,1.1295683149925593,1.122130849688183,1.12837162576907
Низкий статус,-3.6116584152726516,-3.572566624419402,-3.611402832035923
Свободный член,22.796534653465343,22.796534653465343,22.796534653465343
